{"mean": [2.3878612627759863, -1.5408390334303637, 5.121389780575435, 0.1717238324053263, 0.02723899396953198, 0.39369741749272025], "scale": [12.57808317753805, 9.434110255871126, 7.318741421925703, 1.9271747006977737, 1.2472418757727, 3.0700291876053547]}